title,author,score,url
"Cars are trying to spy on you, and it's only just the beginning",1vuio0pswjnm7,102,https://www.bbc.com/future/article/20260513-your-car-is-spying-on-you-its-about-to-get-worse
The most spectacular rocket explosion since N1 just happened in Florida,benbreen,56,https://arstechnica.com/space/2026/05/blue-origins-new-glenn-rocket-just-exploded-during-a-static-fire-test/
Claude Opus 4.8,craigmart,1319,https://www.anthropic.com/news/claude-opus-4-8
Bricks and Minifigs Stole a Man's $200k Lego Collection,philips,724,https://mybricklog.com/blog/bricks-minifigs-corporate-stole-old-mans-200000-lego-collection
I made a million dollar product from my dorm room (2025),mattrighetti,251,https://nick.winans.io/blog/nice-nano/
Python utility package for building Claude Code hooks,ankitg12,3,https://github.com/RasmusGodske/claude-hook-utils
Ten Basic Clouds,nopg,69,https://www.noaa.gov/jetstream/clouds/ten-basic-clouds
Blue Origin's New Glenn blows up during static fire test,enraged_camel,156,https://twitter.com/nasaspaceflight/status/2060164928472854821
Nitpicking the shell history scene in 'Tron: Legacy',speckx,189,https://www.chiark.greenend.org.uk/~sgtatham/quasiblog/tron-legacy/
The mysterious Hy3 LLM is topping OpenRouter Model Rankings by a large margin,freediver,31,https://minimaxir.com/2026/05/openrouter-hy3/
Garnix (A Nix CI) is shutting down,agnishom,40,https://discourse.nixos.org/t/garnix-is-shutting-down-not-oc/77895
I hated writing until I learned there’s a science to it (2024),o4c,175,https://www.science.org/content/article/i-hated-writing-until-i-learned-there-s-science-it
News about Raspberry Pi 6 and Microcontroller Development,rbanffy,169,https://www.jeffgeerling.com/blog/2026/news-about-raspberry-pi-6-and-microcontroller-development/
Show HN: Continue? Y/N: A 60-second game about AI agent permission fatigue,Wirbelwind,271,https://llmgame.scalex.dev
"Coalton is an efficient, statically typed Lisp with ideas from Haskell and OCaml",b-man,117,https://coalton-lang.github.io/
Building durable workflows on Postgres,KraftyOne,292,https://www.dbos.dev/blog/postgres-is-all-you-need-for-durable-execution
GitHub bans security researcher who posted zero-day Windows exploits,possibilistic,244,https://www.tomshardware.com/tech-industry/cyber-security/microsofts-github-bans-security-researcher-who-posted-zero-day-windows-exploits-because-company-ruined-their-life-expert-claims-action-is-vindictive-and-promises-further-retaliation
"SF startup is testing robots in Airbnbs, and trashing them, lawsuit claims",drewda,133,https://sfstandard.com/2026/05/28/sf-startup-secretly-testing-robots-airbnbs-trashing-lawsuit-claims/
Why Gentoo?,akhuettel,42,https://blogs.gentoo.org/mgorny/2026/05/28/why-gentoo/
The Permanent Upper Crow,whiteblossom,160,https://permanent-upper-crow.jasonwu.ink/
Indoor Wi-Fi Roaming with OpenWRT,zdw,220,https://taoofmac.com/space/blog/2026/05/26/1730
The Pack That Killed the Pack Mule,surprisetalk,12,https://www.carryology.com/liking/industry/the-pack-that-killed-the-pack-mule/
Various LLM Smells,speckx,262,https://shvbsle.in/various-llm-smells/
The most unlikely school bag,surprisetalk,105,https://www.carryology.com/insights/carry-culture/the-tale-of-the-worlds-most-unlikely-school-bag/
Endive: A JVM native WebAssembly runtime,theanonymousone,70,https://github.com/bytecodealliance/endive
Some Like It Literary,samclemens,17,https://www.nytimes.com/2026/05/24/books/review/marilyn-monroe-books-arthur-miller.html
Where are the economies of scale in homebuilding?,JumpCrisscross,61,https://www.construction-physics.com/p/where-are-the-economies-of-scale
Anthropic raises $65B in Series H funding at $965B post-money valuation,meetpateltech,294,https://www.anthropic.com/news/series-h
Show HN: Ktx – Open-source executable context layer for data agents,lucamrtl,60,https://github.com/Kaelio/ktx
"Bitburner, programming-based incremental game",agmater,86,https://bitburner-official.github.io/
Microsoft data suggests using AI is more expensive than hiring people,voxadam,37,https://finance.yahoo.com/sectors/technology/articles/microsoft-data-suggests-using-ai-225900743.html
The Lone Lisp Heap,stevekemp,61,https://www.matheusmoreira.com/articles/lone-lisp-heap
YouTube to automatically label AI-generated videos,nopg,1280,https://blog.youtube/news-and-events/improving-ai-labels-viewers-creators/
Using Tailscale with an OrbStack VM on macOS,highpost,65,https://github.com/highpost/tailscale-macos-vm
Washington Diary,surprisetalk,6,https://worksinprogress.co/issue/a-washington-diary/
Bttf is a command line datetime Swiss army knife,burntsushi,157,https://github.com/BurntSushi/bttf
Protestware for Coding Agents,SVI,34,https://nesbitt.io/2026/05/28/protestware-for-coding-agents.html
EU fines Temu €200M for allowing sale of illegal products,jjp,314,https://www.bbc.co.uk/news/articles/c1k2ydn1rz8o
Separate the Cord from the Device,bookofjoe,53,https://bookofjoe2.blogspot.com/2026/05/blog-post_27.html
The Current Crisis: What's Happening to Science in America,etiam,26,https://www.science.org/content/blog-post/current-crisis-what-s-happening-science-america
Micromania: The Whole Truth about Home Computers (1984),sohkamyung,20,https://taff.org.uk/ebooks.php?x=Micromania
Social Animus,jart,86,https://justine.lol/animus/
Announcing Rust 1.96,adamch,116,https://blog.rust-lang.org/2026/05/28/Rust-1.96.0/
Show HN: Open-Source AI Racing Harness,danAtElodin,68,https://www.elodin.systems/post/elodin-ai-grand-prix-race-sim-harness
"Legislation Killed Would Have Effectively Blocked Police LPR, Including Flock",jhonovich,107,https://ipvm.com/reports/bipartisan-alpr-amendment-killed
Amazon scraps AI leaderboard to stop workers chasing usage scores,mmarian,44,https://www.ft.com/content/b1a62a7f-6df5-4c90-94ce-64ce9c9961b6
Seeing Around Corners Using Smartphone-Grade Lidar,marc__1,76,https://spectrum.ieee.org/smartphone-grade-lidar
Trivial Pursuits,diodorus,24,https://www.lrb.co.uk/the-paper/v48/n10/david-runciman/trivial-pursuits
Sam Altman and Dario Amodei are both walking back AI jobs apocalypse predictions,ianrahman,192,https://fortune.com/2026/05/26/sam-altman-dario-amodei-walking-back-ai-jobs-apocalypse-prophecies-ipo/
RamAIn (YC W26) Is Hiring,svee,1,https://www.ycombinator.com/companies/ramain/jobs/hqvmyKN-founding-gtm-engineer
Investigating how prompt politeness affects LLM accuracy (2025),KnuthIsGod,138,https://arxiv.org/abs/2510.04950
"More License Plate Reader Mission Creep: School Residency Verification, More",leephillips,28,https://www.eff.org/deeplinks/2026/05/more-license-plate-reader-mission-creep-school-residency-verification-background
"Blue Origin New Glenn Rocket Apparently Explodes at Cape Canaveral, Florida",bookmtn,7,https://www.floridatoday.com/story/tech/science/space/2026/05/28/blue-origin-new-glenn-rocket-apparently-explodes-on-launch-pad-in-cape-canaveral-florida--live/90305379007/
Show HN: Hallucinate – Massively Multiplayer Online Rave,stagas,414,https://hallucinate.site
Warm up your MacBook (2019),kristianp,132,https://z3ugma.github.io/2019/11/18/warm-up-your-macbook/
Package managers that package package managers,chmaynard,20,https://nesbitt.io/2026/05/28/package-managers-that-package-package-managers.html
"Blue Origin rocket, owned by Jeff Bezos, explodes during test in Florida",prawn,4,https://www.theguardian.com/science/2026/may/29/blue-origin-rocket-explodes
Boston and Bermuda,dangle1,45,https://askthepilot.com/boston-and-bermuda/
Blue Origin's New Glenn rocket explodes on launchpad,jbredeche,4,https://www.bloomberg.com/news/articles/2026-05-29/blue-origin-s-new-glenn-rocket-explodes-on-floria-launchpad
Data Parallel C++,tosh,13,https://library.oapen.org/handle/20.500.12657/76704
US's big bet on quantum computing may not be legal,Bender,96,https://arstechnica.com/tech-policy/2026/05/uss-big-bet-on-quantum-computing-may-not-be-entirely-legal/
Gradle Is Javamaxxing,kassovic,17,https://blog.gradle.org/gradle-is-javamaxxing
Dynamic Workflows in Claude Code,mil22,141,https://claude.com/blog/introducing-dynamic-workflows-in-claude-code
Confidence Scores for Exam Questions,surprisetalk,13,https://nomagicpill.substack.com/p/confidence-scores-for-exam-questions
A New Typst Template for Pandoc (2025),ankitg12,114,https://imaginarytext.ca/posts/2025/typst-templates-for-pandoc/
My new obsession: A horse-racing board game of pure luck,surprisetalk,98,https://alexanderbjoy.com/horse-race-board-game/
Project Lightwell: Securing the open source supply chain,my2c,6,https://www.redhat.com/en/lightwell
SimCity 3k in 4k (2025),speckx,472,https://www.thran.uk/writ/hdid/2025/12/simcity-3k-in-4k.html
About LLMs at Zig Days,kristoff_it,71,https://kristoff.it/blog/llms-at-zig-days/
More Dads Are Scaling Back at the Office for Kids and Housework,Anon84,26,https://www.wsj.com/lifestyle/careers/more-dads-are-scaling-back-at-the-office-for-kids-and-housework-da490048
"I'm Getting into Mesh Networks (Meshtastic, MeshCore, and Reticulum)",Panda_,356,https://www.jonaharagon.com/posts/im-getting-into-mesh-networks-meshtastic-meshcore-and-reticulum/
Matrix Multiplications on GPUs Run Faster When Given “Predictable” Data (2024),tosh,170,https://www.thonking.ai/p/strangely-matrix-multiplications
More Whimsical OEIS Sequences,surprisetalk,51,https://www.jeremykun.com/shortform/2026-05-22-1528/
Show HN: TapToyPia,memalign,18,https://memalign.github.io/m/taptoypia/index.html
"Gemini, Gophers, and Fingers. Oh My Alternative Internets Beyond HTTPS",ChrisArchitect,142,https://brennan.day/gemini-gophers-and-fingers-oh-my-alternative-internets-beyond-https/
The Green Side of the Lua,radiator,67,https://arxiv.org/abs/2601.16670
Zero Lines Maze: What the 8-Bit Guy's One-Liner Can Still Teach Us,ibobev,74,https://retrogamecoders.com/zero-lines-maze/
The Ask,digitallogic,142,https://randsinrepose.com/archives/the-ask/
What Apple and Google are doing to push notifications,iamacyborg,409,https://www.jacquescorbytuech.com/writing/what-apple-and-google-are-doing-your-push-notifications
Disagreement among frontier LLMs on real-world fact-checks,kostaj,484,https://lenz.io/research/llm-disagreement
What Is a Direct Attach Copper (DAC) Cable? (2021),teleforce,114,https://www.servethehome.com/what-is-a-direct-attach-copper-dac-cable/
Tuning LLVM's SLP Vectorizer Cost Model,matt_d,10,https://blog.kaving.me/blog/tuning-llvms-slp-vectorizer-cost-model/
W3C Leadership Transition,robin_reala,16,https://www.w3.org/press-releases/2026/w3c-leadership-transition/
Private equity bought America's essential services,NoRagrets,537,https://rubbishtalk.com/economy/how-private-equity-bought-americas-essential-services/
"Why Ctrl+V won't paste images in Claude Code on WSL, with a fix",rajveerb,54,https://rajveerbachkaniwala.com/blog/2026/05/24/on-the-difficulty-of-pasting-a-picture/
Last.fm is now independent,twistslider,790,https://support.last.fm/t/last-fm-is-now-independent/118591
Microsoft's stance on zero day exploits is a dumpster fire of their own making,_tk_,56,https://doublepulsar.com/microsofts-stance-on-zero-day-exploits-is-a-dumpster-fire-of-their-own-making-0946117940a4
Google employee charged with $1M Polymarket insider trading bet on search term,pseudolus,303,https://www.cnbc.com/2026/05/27/google-employee-polymarket-insider-trading.html
A Eureka machine that thinks like nature and explores what AI cannot,kunalsin9h,144,https://iisc.ac.in/a-eureka-machine-that-thinks-like-nature-and-explores-what-ai-cannot/
Canada to order military plane fleet from Sweden in shift from US suppliers,tosh,606,https://www.theguardian.com/world/2026/may/27/canada-sweden-saab-globaleye-aircraft
"Ohio suspends data center tax break, tech firms face pressure to pay AI costs",1vuio0pswjnm7,10,https://apnews.com/article/artificial-intelligence-data-centers-taxes-tech-ohio-4d56561a14f9b0d00553001e8c2757a3
Tech CEOs are apparently suffering from AI psychosis,IAmGraydon,707,https://techcrunch.com/2026/05/27/tech-ceos-are-apparently-suffering-from-ai-psychosis/
"Libwce: The entropy layer of a wavelet codec, on its own",yogthos,33,https://yogthos.net/posts/2026-05-24-libwce.html
"US troops are reportedly being targeted using location data, Pentagon says",jethronethro,32,https://www.militarytimes.com/news/pentagon-congress/2026/05/28/us-troops-are-reportedly-being-targeted-using-location-data-pentagon-says/
Thornton Wilder's Last Play Vanished into Thin Air. Or Did It?,lermontov,8,https://www.nytimes.com/2026/05/27/theater/thornton-wilder-emporium-last-play.html
Ipv6catnow.org – Ipv6actnow.org,minusf,7,https://ipv6catnow.org/
Creusot helps you prove your Rust code is correct,fanf2,66,https://github.com/creusot-rs/creusot/tree/master
Can we have the day off?,mlsu,1307,https://mlsu.io/posts/day-off/
New gene delivery vehicle shows promise for human brain gene therapy,highfrequency,5,https://www.broadinstitute.org/news/new-gene-delivery-vehicle-shows-promise-human-brain-gene-therapy
Raft Consensus with a Minority of Nodes,moarbugs,139,https://padhye.org/raft-minority/
Interleaved Deltas,surprisetalk,73,https://mmapped.blog/posts/51-interleaved-deltas
"Claude Code as a Daily Driver: Claude.md, Skills, Subagents, Plugins, and MCPs",arps18,429,https://arps18.github.io/posts/claude-code-mastery/
Go: Support for Generic Methods,f311a,302,https://github.com/golang/go/issues/77273
FBI Arrests CIA Official with $40M in Gold Bars in His Home,cwwc,451,https://www.nytimes.com/2026/05/27/us/politics/fbi-arrest-cia-official-gold-bars.html
I analysed 20 years of my chats,valzevul,247,https://drobinin.com/posts/am-i-a-bad-friend/
The Melancholy of Slaying Monsters,prismatic,295,https://thereader.mitpress.mit.edu/the-strange-melancholy-of-slaying-monsters/
Adding Reflection to C,telotortium,12,https://www.davidpriver.com/adding-reflection-to-C.html
DuckDuckGo search saw 28% more visits after Google said people love AI mode,HelloUsername,1047,https://www.pcgamer.com/hardware/duckduckgos-ai-free-search-saw-nearly-28-percent-more-visits-in-the-week-following-googles-insistence-that-people-love-ai-mode/
Building a peer-to-peer alternative to Cloudflare Tunnels with edge TLS certs,miloschwartz,12,https://pangolin.net/news/building-a-peer-to-edge-peer-reverse-proxy
Human Bottlenecks,zdw,144,https://borretti.me/article/human-bottlenecks
Rust (and Slint) on a Jailbroken Kindle,homarp,232,https://sverre.me/blog/rust-on-kindle/
Ripgrep AI Policy,singiamtel,98,https://github.com/BurntSushi/ripgrep/blob/master/AI_POLICY.md
"Show HN: Bootstrap a team of coding agents from a template, OSS",juanre,3,https://github.com/awebai/aweb-team-coord-worktrees
"Incident with Pull Requests, Issues, Git Operations and API Requests",maxnoe,334,https://www.githubstatus.com/incidents/xy1tt3hs572m
On Labubu and the Hyperreal,2earth,87,https://2earth.github.io/website/20260525.html
"Freediving, Embodiment and Humanity",transpute,37,https://tracesofhumanity.org/freediving-embodiment-and-humanity/
Preservatives linked to high blood pressure and heart disease in new study,brandonb,11,https://scitechdaily.com/study-warns-widely-used-food-preservatives-linked-to-high-blood-pressure-and-heart-disease/
New York passes pied-a-terre tax,proofofcontempt,259,https://www.cnbc.com/2026/05/28/new-york-mamdani-pied-a-terre-tax-passes.html
"Show HN: Open-source Workspace (mail,docs,spreadsheet,drive) web/iOS",nathanstitt,103,https://tinycld.org/
Rapira (Рапира) – Soviet programming language interpreter,begoon,86,https://github.com/begoon/rapira
Dispatches from the possibly last days of human relevance,gone35,29,https://scottaaronson.blog/?p=9782
Launch HN: Minicor (YC P26) – Windows desktop automations at scale,fchishtie,104,https://www.minicor.com/
Using AI to write better code more slowly,signa11,1237,https://nolanlawson.com/2026/05/25/using-ai-to-write-better-code-more-slowly/
"Stress disrupts hippocampal integration of overlapping events, memory inference",gmays,167,https://www.science.org/doi/10.1126/sciadv.aea5496?user_id=66c4bf745d78644b3aa57b08
Multi-Agent LLM System for Automated Vulnerability Discovery and Reproduction,root-parent,55,https://arxiv.org/abs/2605.21779
"We are Poles, so, of course, we print in Latin",danielam,108,https://www.ustc.ac.uk/news/we-are-poles-so-of-course-we-print-in-latin
Show HN: Py-SQL-cleaner – format SQL embedded in Python strings,enumura,5,https://github.com/enumura1/py-sql-cleaner
BadHost – CVE-2026-48710: Starlette Host-Header Auth Bypass,ylk,124,https://badhost.org/
Taking Children from Their Parents Without a Court Order,petethomas,8,https://www.newyorker.com/news/our-local-correspondents/taking-children-from-their-parents-without-a-court-order
I think Anthropic and OpenAI have found product-market fit,simonw,1075,https://simonwillison.net/2026/May/27/product-market-fit/
Mini Micro Fantasy Computer,nicoloren,273,https://miniscript.org/MiniMicro/index.html#about
Local-First and Portable CI,synparb,9,https://prefix.dev/blog/portable-ci-with-pixi
Modern C++ Tutorial: C++ 11/14/17/20 On the Fly,ibobev,6,https://changkun.de/modern-cpp/
Troops' phones gave away location data to foreign adversaries,joebuckwilliams,10,https://www.theregister.com/security/2026/05/28/troops-phones-leaked-location-data-to-foreign-adversaries/5248108
Vitamin D acts more like a hormone than a vitamin,brandonb,17,https://www.empirical.health/blog/vitamin-d-is-a-hormone/
All of human cooking compressed into 2 megabytes,josefchen,434,https://arxiv.org/abs/2605.22391
Coding Agents in the Social Sciences,rnmag,4,https://www.anthropic.com/research/coding-agents-social-sciences
Magnifica Humanitas,theletterf,1629,https://www.vatican.va/content/leo-xiv/en/encyclicals/documents/20260515-magnifica-humanitas.html
Cloudflare Flagship,tjek,348,https://developers.cloudflare.com/flagship/
The worst job interview I ever had,oliverio,647,https://www.oliverio.dev/blog/the-worst-job-interview-i-had
Fully in-browser container builds,wofo,58,https://ochagavia.nl/blog/fully-in-browser-container-builds/
I'm Tired of Talking to AI,theorchid,1968,https://orchidfiles.com/im-tired-of-ai-generated-answers/
C array types are weird,signa11,127,https://anselmschueler.com/blogposts/2025-c-pointers/
We replaced Zendesk,Liriel,112,https://tradecore.com/resources/blog/we-replaced-zendesk-in-48-hours
"Ask HN: What Is an ""AI Engineer""?",seattle_spring,13,
A portentous reunion,cafkafk,145,https://bcantrill.dtrace.org/2026/05/25/a-portentous-reunion/
That Methyl Methacrylate Tank,nooks,430,https://www.science.org/content/blog-post/methyl-methacrylate-tank
People who care are having the hardest time,adrianhoward,6,https://www.rawsignal.ca/newsletter-archive/the-people-who-care-are-having-the-hardest-time/
The user is visibly frustrated,croes,303,https://pscanf.com/s/354/
Show HN: I made an emergency page for my family,delduca,80,https://help.delduca.org
Outsourcing plus local AI will soon become more economical vs. frontier labs,GodelNumbering,321,https://www.signalbloom.ai/posts/outsourcing-plus-localai-will-soon-become-more-economical-vs-frontier-labs/
Atomically precise mechanosynthesis of carbon structures on hydrogenated Silicon,gene-h,57,https://arxiv.org/abs/2605.27250
XLIDE: VBA without excel,sts153,65,https://github.com/WilliamSmithEdward/xlide_vscode
The Antikythera Mechanism,simonebrunozzi,10,https://spacedaily.com/sd-the-antikythera-mechanism-recovered-from-a-roman-shipwreck-in-1901-turned-out-to-be-a-hand-cranked-bronze-computer-that-could-predict-eclipses-and-track-the-irregular-orbit-of-the-moon-and-nothing/
Unicode 18.0.0 Beta,birdculture,59,https://www.unicode.org/versions/Unicode18.0.0/
"Taking a walk may lead to more creativity than sitting, study finds (2014)",bilsbie,609,https://www.apa.org/news/press/releases/2014/04/creativity-walk
"Iran's Internet is partially restored, Cloudflare Radar data shows",tjek,12,https://blog.cloudflare.com/iran-internet-partially-restored-may-2026/
You Should Not Update Your Dependencies,OlivierCG,28,https://www.mendral.com/blog/you-should-not-update
"Utah tells porn sites to take the P out of VPNs, and it's their fault they can't",Bender,5,https://www.theregister.com/columnists/2026/05/18/utah-tells-porn-sites-to-take-the-p-out-of-vpns-and-its-their-fault-that-they-cant/5240978
Opaque Types in Python,lumpa,129,https://blog.glyph.im/2026/05/opaque-types-in-python.html
Training our own AI models,tartieret,211,https://posthog.com/blog/training-ai-models
Dropbox CEO Drew Houston to step down,aghuang,371,https://www.cnbc.com/2026/05/26/dropbox-ceo-drew-houston-ashraf-alkarmi.html
C64 Basic: Game Map Overhead “Camera View”,ibobev,93,https://retrogamecoders.com/overhead-camera-view/
The Best Engineers Write Less Code,funnyenough,64,https://shvetsm.github.io/posts/the-best-engineers-write-less-code/
"I'm ""Retiring"" from Tech – Chad Whitacre, Head of Open Source, Sentry.io",ferriswil,30,https://bsky.app/profile/chadwhitacre.com/post/3mmvzlutrvk2g
Show HN: Tunnel.to – dead simple localhost reverse tunnels,StuntPope,5,https://tunnel.to
The Steinwinter Supercargo,itronitron,87,https://www.thedrive.com/article/12603/the-forgotten-steinwinter-supercargo-is-unlike-anything-on-the-road-today
Safescript – A Language for AI Era,uriva,11,https://safescript.cc/
StumbleTV: Chat Roulette but for Exposed Webcams,arm32,27,https://stumbletv.alectrocute.workers.dev/c/2e6ff336f1235cc1
"Show HN: Beacon CLI for self-hosted monitoring, remote access and deployments",matebajusz,7,https://github.com/Bajusz15/beacon
TSDuck: Open-source toolkit for MPEG-TS analysis and manipulation,phantomathkg,79,https://tsduck.io/
ICE has spent over $25M on iris scanners in no-bid contracts,ck2,47,https://www.npr.org/2026/05/27/nx-s1-5822429/ice-buys-iris-scanners-tech-tools
The real cost of owning a home,ggcr,428,https://ericturner.dev/posts/cost-of-home-ownership/
Theseus: Translating Win32 to WASM,ingve,66,https://neugierig.org/software/blog/2026/05/theseus-wasm.html
I am not a black belt,rodolphoarruda,25,https://rodolphoarruda.pro.br/i-am-not-a-black-belt/
"tsz: high performance TypeScript checker, emitter, and language service in Rust",bpierre,19,https://tsz.dev/
How far behind are open models?,alecco,9,https://www.lesswrong.com/posts/rJcCrXyEsJKmmDpWG/how-far-behind-are-open-models
A few interesting modern pixel fonts,zdw,413,https://unsung.aresluna.org/a-few-interesting-modern-pixel-fonts/
What we lost when we stopped letting kids leave the front yard,obscurette,540,https://stevemagness.substack.com/p/the-cost-of-safetyism
How the ZX80 Works (2019),mariuz,36,http://blog.tynemouthsoftware.co.uk/2019/10/how-the-zx80-works.html
Ruby vs. Java vs. TypeScript: my experience on building a Cowork DOCX plugin,theanonymousone,62,https://tanin.nanakorn.com/ruby-java-typescrip-claude-docx-plugin/
Netherlands blocks US takeover of vital digital supplier,vrganj,600,https://www.politico.eu/article/netherlands-blocks-us-takeover-vital-digital-supplier/
Starbucks to Take AI Usage into Account in Tech Workers' Bonuses,petethomas,7,https://www.bloomberg.com/news/articles/2026-05-28/starbucks-to-take-ai-usage-into-account-in-tech-workers-bonuses
What I've Learned (So Far) Building Online Mini Games with Elixir and Swift,calflegal,85,https://calvinflegal.com/2026/05/24/what-ive-learned-so-far-building-online-mini-games-with-elixir-and-swift.html
I built a Git-tracked book production pipeline,dustin1114,285,https://www.djspeckhals.com/posts/2026-05-22-how-i-bypassed-adobe-and-microsoft-to-build-a-git-tracked-book-production-pipeline/
What color is your function? (2015),tosh,138,https://journal.stuffwithstuff.com/2015/02/01/what-color-is-your-function/
"Show HN: Posthorn, self-hosted mail gateway",craigmccaskill,79,https://github.com/craigmccaskill/posthorn
The Ballad of TIGIT,crescit_eundo,110,https://www.owlposting.com/p/the-ballad-of-tigit
"A Comma and a Question Mark, Redux: Quick Terminal Helpers Using Pi",z3ugma,40,https://z3ugma.github.io/2026/05/25/a-comma-and-a-question-mark/
IBM Confidential: System/360 File Organization [video],DaiPlusPlus,66,https://www.youtube.com/watch?v=zokKqP0plrM
Where does next-token prediction leave us?,0x5FC3,210,https://pop.rdi.sh/where-does-next-token-prediction-leave-us/
What Gets Kept,lermontov,56,https://www.newyorker.com/culture/the-weekend-essay/what-jack-kerouac-left-behind
Phloto for My Photo Flow,evakhoury,35,https://cceckman.com/writing/phloto/
"Citing 'severe' math deficits, UC faculty demand a return to SAT tests for STEM",brandonb,392,https://www.latimes.com/california/story/2026-05-27/uc-math-professors-demand-return-of-sat-for-stem-admissions
"Green card seekers must leave U.S. to apply, Trump administration says",tlhunter,1124,https://www.nytimes.com/2026/05/22/us/politics/green-card-changes-trump.html
Only 17% of all 64-bit Integers are products of two 32-bit integers,sebg,14,https://lemire.me/blog/2026/05/22/only-17-of-all-64-bit-integers-are-products-of-two-32-bit-integers/
How Shamir's Secret Sharing Works,subract,393,https://ente.com/blog/how-shamirs-secret-sharing-works/
I cut my AI API costs 99% by switching from Claude to DeepSeek,agentbc9000,25,https://twitter.com/kevinsays/status/2059724146221662339
Ferrari Luce,jumploops,496,https://www.ferrari.com/en-EN/auto/ferrari-luce
"Zig 2026: No-AI Policy, $670K Foundation, Left GitHub and Why Zig Isn't 1.0 [video]",doppp,82,https://www.youtube.com/watch?v=iqddnwKF8HQ
